{
  "distance_inches": 11.676602438619556,
  "x_inches": -0.04225217659144683,
  "y_inches": 0.023098489104641358,
  "z_inches": 11.676602438619556,
  "yaw_deg": -0.20732579023885006,
  "pitch_deg": 0.1133415494339717
}